Datetime,Close,High,Low,Open,Volume
,^NSEI,^NSEI,^NSEI,^NSEI,^NSEI
2025-01-22 04:00:00+00:00,23103.25,23125.75,23051.099609375,23083.0,0
2025-01-22 04:30:00+00:00,23105.25,23117.5,23073.75,23102.05078125,0
2025-01-22 05:00:00+00:00,23095.5,23144.0,23073.5,23104.94921875,0
2025-01-22 05:30:00+00:00,23067.44921875,23103.900390625,23050.80078125,23095.099609375,0
2025-01-22 06:00:00+00:00,23035.30078125,23079.400390625,23030.44921875,23066.900390625,0
2025-01-22 06:30:00+00:00,23013.400390625,23050.849609375,22990.19921875,23034.55078125,0
2025-01-22 07:00:00+00:00,23017.94921875,23047.349609375,23007.150390625,23013.0,0
2025-01-22 07:30:00+00:00,23005.30078125,23045.19921875,22995.44921875,23019.150390625,0
2025-01-22 08:00:00+00:00,23016.5,23030.05078125,22981.44921875,23005.75,0
2025-01-22 08:30:00+00:00,23118.900390625,23126.30078125,22993.30078125,23016.30078125,0
2025-01-22 09:00:00+00:00,23159.400390625,23160.5,23087.5,23118.349609375,0
2025-01-22 09:30:00+00:00,23161.75,23169.349609375,23138.150390625,23159.19921875,0
2025-01-23 04:00:00+00:00,23202.69921875,23220.150390625,23103.0,23107.150390625,0
2025-01-23 04:30:00+00:00,23240.0,23240.94921875,23188.349609375,23203.30078125,0
2025-01-23 05:00:00+00:00,23211.099609375,23245.900390625,23202.5,23240.400390625,0
2025-01-23 05:30:00+00:00,23225.900390625,23232.55078125,23205.349609375,23211.900390625,0
2025-01-23 06:00:00+00:00,23217.400390625,23238.599609375,23201.05078125,23225.19921875,0
2025-01-23 06:30:00+00:00,23252.349609375,23259.94921875,23212.25,23217.599609375,0
2025-01-23 07:00:00+00:00,23245.55078125,23269.19921875,23232.099609375,23252.05078125,0
2025-01-23 07:30:00+00:00,23243.80078125,23251.099609375,23236.30078125,23245.599609375,0
2025-01-23 08:00:00+00:00,23251.55078125,23256.650390625,23229.900390625,23242.30078125,0
2025-01-23 08:30:00+00:00,23224.900390625,23254.55078125,23215.400390625,23250.900390625,0
2025-01-23 09:00:00+00:00,23213.349609375,23243.900390625,23201.0,23224.75,0
2025-01-23 09:30:00+00:00,23217.849609375,23220.650390625,23191.69921875,23213.849609375,0
2025-01-24 04:00:00+00:00,23145.849609375,23247.900390625,23144.349609375,23235.25,0
2025-01-24 04:30:00+00:00,23183.05078125,23210.80078125,23103.5,23144.25,0
2025-01-24 05:00:00+00:00,23221.19921875,23227.099609375,23170.0,23182.0,0
2025-01-24 05:30:00+00:00,23278.55078125,23289.19921875,23214.900390625,23220.400390625,0
2025-01-24 06:00:00+00:00,23323.75,23347.099609375,23269.349609375,23278.05078125,0
2025-01-24 06:30:00+00:00,23295.5,23331.30078125,23288.75,23323.349609375,0
2025-01-24 07:00:00+00:00,23219.650390625,23296.900390625,23195.80078125,23294.150390625,0
2025-01-24 07:30:00+00:00,23193.900390625,23228.099609375,23164.849609375,23218.30078125,0
2025-01-24 08:00:00+00:00,23175.25,23198.05078125,23141.69921875,23194.849609375,0
2025-01-24 08:30:00+00:00,23138.849609375,23213.75,23120.80078125,23172.80078125,0
2025-01-24 09:00:00+00:00,23078.5,23168.599609375,23050.94921875,23139.599609375,0
2025-01-24 09:30:00+00:00,23090.349609375,23105.55078125,23066.80078125,23079.349609375,0
2025-01-27 04:00:00+00:00,22967.25,23007.05078125,22948.099609375,22967.55078125,0
2025-01-27 04:30:00+00:00,22854.30078125,22999.150390625,22854.30078125,22967.25,0
2025-01-27 05:00:00+00:00,22846.55078125,22886.650390625,22827.19921875,22854.5,0
2025-01-27 05:30:00+00:00,22894.5,22903.5,22840.94921875,22847.25,0
2025-01-27 06:00:00+00:00,22906.5,22912.900390625,22856.25,22895.25,0
2025-01-27 06:30:00+00:00,22936.25,22943.69921875,22867.0,22907.44921875,0
2025-01-27 07:00:00+00:00,22862.75,22938.94921875,22840.55078125,22935.849609375,0
2025-01-27 07:30:00+00:00,22846.44921875,22892.349609375,22840.69921875,22862.80078125,0
2025-01-27 08:00:00+00:00,22860.349609375,22878.599609375,22827.94921875,22845.75,0
2025-01-27 08:30:00+00:00,22834.05078125,22861.099609375,22822.44921875,22860.349609375,0
2025-01-27 09:00:00+00:00,22825.55078125,22834.599609375,22790.30078125,22834.099609375,0
2025-01-27 09:30:00+00:00,22816.849609375,22843.30078125,22814.349609375,22826.150390625,0
2025-01-28 04:00:00+00:00,22892.0,22918.400390625,22860.30078125,22908.80078125,0
2025-01-28 04:30:00+00:00,22906.69921875,22930.349609375,22858.650390625,22894.400390625,0
2025-01-28 05:00:00+00:00,22897.5,22918.849609375,22873.44921875,22906.5,0
2025-01-28 05:30:00+00:00,22971.19921875,22985.94921875,22892.94921875,22897.150390625,0
2025-01-28 06:00:00+00:00,22995.150390625,23033.30078125,22957.849609375,22971.150390625,0
2025-01-28 06:30:00+00:00,23008.69921875,23049.0,22988.400390625,22994.900390625,0
2025-01-28 07:00:00+00:00,23045.0,23053.25,22999.099609375,23007.55078125,0
2025-01-28 07:30:00+00:00,23026.150390625,23073.75,23026.150390625,23044.75,0
2025-01-28 08:00:00+00:00,23057.650390625,23065.0,23021.75,23026.650390625,0
2025-01-28 08:30:00+00:00,23116.5,23123.150390625,23043.19921875,23057.349609375,0
2025-01-28 09:00:00+00:00,22987.599609375,23137.44921875,22956.94921875,23116.0,0
2025-01-28 09:30:00+00:00,22976.30078125,22990.75,22909.25,22989.75,0
2025-01-29 04:00:00+00:00,23056.69921875,23069.75,22978.150390625,22988.0,0
2025-01-29 04:30:00+00:00,23095.25,23105.650390625,23047.30078125,23056.44921875,0
2025-01-29 05:00:00+00:00,23122.849609375,23125.5,23068.25,23094.55078125,0
2025-01-29 05:30:00+00:00,23066.44921875,23123.94921875,22984.150390625,23122.75,0
2025-01-29 06:00:00+00:00,23112.69921875,23128.150390625,23066.80078125,23066.80078125,0
2025-01-29 06:30:00+00:00,23135.900390625,23168.05078125,23098.05078125,23111.5,0
2025-01-29 07:00:00+00:00,23122.349609375,23149.900390625,23112.650390625,23135.55078125,0
2025-01-29 07:30:00+00:00,23162.94921875,23166.849609375,23086.55078125,23122.400390625,0
2025-01-29 08:00:00+00:00,23158.30078125,23169.599609375,23136.75,23163.150390625,0
2025-01-29 08:30:00+00:00,23142.69921875,23181.0,23126.30078125,23158.099609375,0
2025-01-29 09:00:00+00:00,23138.80078125,23149.650390625,23115.099609375,23142.69921875,0
2025-01-29 09:30:00+00:00,23176.19921875,23182.69921875,23132.150390625,23140.650390625,0
2025-01-30 04:00:00+00:00,23230.5,23233.94921875,23166.25,23169.0,0
2025-01-30 04:30:00+00:00,23300.5,23305.5,23227.25,23230.650390625,0
2025-01-30 05:00:00+00:00,23246.849609375,23310.849609375,23235.900390625,23302.44921875,0
2025-01-30 05:30:00+00:00,23265.94921875,23301.0,23224.0,23247.349609375,0
2025-01-30 06:00:00+00:00,23266.94921875,23287.650390625,23228.05078125,23267.55078125,0
2025-01-30 06:30:00+00:00,23273.150390625,23288.55078125,23229.69921875,23268.05078125,0
2025-01-30 07:00:00+00:00,23261.849609375,23289.900390625,23249.599609375,23273.900390625,0
2025-01-30 07:30:00+00:00,23223.599609375,23279.75,23219.599609375,23262.05078125,0
2025-01-30 08:00:00+00:00,23191.69921875,23239.400390625,23173.75,23223.900390625,0
2025-01-30 08:30:00+00:00,23164.849609375,23199.900390625,23141.900390625,23190.349609375,0
2025-01-30 09:00:00+00:00,23192.150390625,23205.69921875,23139.94921875,23163.599609375,0
2025-01-30 09:30:00+00:00,23297.94921875,23318.75,23182.900390625,23192.349609375,0
2025-01-31 04:00:00+00:00,23389.5,23395.349609375,23295.650390625,23325.349609375,0
2025-01-31 04:30:00+00:00,23390.19921875,23403.30078125,23314.80078125,23390.099609375,0
2025-01-31 05:00:00+00:00,23430.80078125,23430.80078125,23388.400390625,23389.80078125,0
2025-01-31 05:30:00+00:00,23403.44921875,23448.25,23403.44921875,23430.69921875,0
2025-01-31 06:00:00+00:00,23431.55078125,23432.599609375,23388.44921875,23403.650390625,0
2025-01-31 06:30:00+00:00,23434.849609375,23449.05078125,23422.25,23431.849609375,0
2025-01-31 07:00:00+00:00,23480.849609375,23484.849609375,23433.0,23434.69921875,0
2025-01-31 07:30:00+00:00,23522.5,23525.55078125,23463.599609375,23480.349609375,0
2025-01-31 08:00:00+00:00,23481.80078125,23530.650390625,23478.44921875,23521.80078125,0
2025-01-31 08:30:00+00:00,23444.5,23484.849609375,23422.599609375,23482.69921875,0
2025-01-31 09:00:00+00:00,23494.150390625,23501.099609375,23432.099609375,23443.30078125,0
2025-01-31 09:30:00+00:00,23533.849609375,23546.400390625,23478.650390625,23493.55078125,0
2025-02-01 04:00:00+00:00,23560.650390625,23589.5,23506.19921875,23510.05078125,0
2025-02-01 04:30:00+00:00,23568.30078125,23588.05078125,23549.099609375,23558.05078125,0
2025-02-01 05:00:00+00:00,23590.5,23601.94921875,23560.05078125,23568.099609375,0
2025-02-01 05:30:00+00:00,23599.5,23604.150390625,23530.80078125,23589.900390625,0
2025-02-01 06:00:00+00:00,23425.80078125,23632.349609375,23364.099609375,23599.25,0
2025-02-01 06:30:00+00:00,23449.44921875,23567.349609375,23389.69921875,23424.25,0
2025-02-01 07:00:00+00:00,23421.650390625,23471.650390625,23346.55078125,23451.05078125,0
2025-02-01 07:30:00+00:00,23442.099609375,23457.849609375,23323.099609375,23421.5,0
2025-02-01 08:00:00+00:00,23495.25,23513.650390625,23424.44921875,23442.44921875,0
2025-02-01 08:30:00+00:00,23533.94921875,23547.94921875,23476.900390625,23495.150390625,0
2025-02-01 09:00:00+00:00,23506.0,23537.599609375,23454.94921875,23534.05078125,0
2025-02-01 09:30:00+00:00,23495.30078125,23515.80078125,23463.349609375,23508.849609375,0
2025-02-03 04:00:00+00:00,23246.55078125,23343.849609375,23222.55078125,23334.19921875,0
2025-02-03 04:30:00+00:00,23282.099609375,23285.44921875,23238.30078125,23248.80078125,0
2025-02-03 05:00:00+00:00,23317.55078125,23324.849609375,23270.05078125,23282.0,0
2025-02-03 05:30:00+00:00,23290.5,23338.599609375,23285.94921875,23318.0,0
2025-02-03 06:00:00+00:00,23281.349609375,23293.75,23253.099609375,23289.94921875,0
2025-02-03 06:30:00+00:00,23288.599609375,23306.30078125,23269.650390625,23281.25,0
2025-02-03 07:00:00+00:00,23281.05078125,23295.400390625,23258.05078125,23288.75,0
2025-02-03 07:30:00+00:00,23331.69921875,23368.94921875,23276.349609375,23282.849609375,0
2025-02-03 08:00:00+00:00,23325.55078125,23362.599609375,23306.349609375,23332.849609375,0
2025-02-03 08:30:00+00:00,23361.05078125,23364.400390625,23324.349609375,23326.80078125,0
2025-02-03 09:00:00+00:00,23355.05078125,23364.80078125,23327.0,23361.80078125,0
2025-02-03 09:30:00+00:00,23359.69921875,23381.349609375,23349.400390625,23354.349609375,0
2025-02-04 04:00:00+00:00,23557.94921875,23581.69921875,23482.69921875,23514.099609375,0
2025-02-04 04:30:00+00:00,23500.94921875,23573.349609375,23484.400390625,23557.75,0
2025-02-04 05:00:00+00:00,23466.55078125,23511.94921875,23424.55078125,23501.599609375,0
2025-02-04 05:30:00+00:00,23529.19921875,23551.44921875,23460.75,23466.849609375,0
2025-02-04 06:00:00+00:00,23546.25,23616.400390625,23527.900390625,23528.19921875,0
2025-02-04 06:30:00+00:00,23577.599609375,23594.099609375,23527.25,23547.44921875,0
2025-02-04 07:00:00+00:00,23619.05078125,23631.099609375,23575.75,23577.75,0
2025-02-04 07:30:00+00:00,23649.5,23659.099609375,23580.80078125,23619.94921875,0
2025-02-04 08:00:00+00:00,23679.94921875,23712.5,23641.849609375,23650.55078125,0
2025-02-04 08:30:00+00:00,23647.05078125,23695.05078125,23627.25,23680.30078125,0
2025-02-04 09:00:00+00:00,23748.75,23751.400390625,23642.94921875,23647.69921875,0
2025-02-04 09:30:00+00:00,23707.69921875,23761.900390625,23697.05078125,23749.900390625,0
2025-02-05 04:00:00+00:00,23753.75,23799.94921875,23741.0,23764.099609375,0
2025-02-05 04:30:00+00:00,23774.900390625,23774.900390625,23726.55078125,23754.150390625,0
2025-02-05 05:00:00+00:00,23757.099609375,23786.30078125,23752.150390625,23774.349609375,0
2025-02-05 05:30:00+00:00,23751.599609375,23770.349609375,23713.650390625,23756.849609375,0
2025-02-05 06:00:00+00:00,23741.55078125,23759.0,23736.349609375,23751.25,0
2025-02-05 06:30:00+00:00,23738.650390625,23753.849609375,23724.400390625,23741.25,0
2025-02-05 07:00:00+00:00,23723.650390625,23743.25,23715.0,23738.44921875,0
2025-02-05 07:30:00+00:00,23749.55078125,23760.69921875,23712.55078125,23722.05078125,0
2025-02-05 08:00:00+00:00,23770.099609375,23774.5,23732.05078125,23749.30078125,0
2025-02-05 08:30:00+00:00,23736.599609375,23771.099609375,23731.94921875,23770.69921875,0
2025-02-05 09:00:00+00:00,23730.5,23752.900390625,23720.5,23737.25,0
2025-02-05 09:30:00+00:00,23685.099609375,23731.25,23680.650390625,23730.25,0
2025-02-06 04:00:00+00:00,23640.599609375,23700.69921875,23625.0,23699.05078125,0
2025-02-06 04:30:00+00:00,23632.900390625,23661.900390625,23619.849609375,23638.25,0
2025-02-06 05:00:00+00:00,23641.75,23656.900390625,23626.55078125,23633.099609375,0
2025-02-06 05:30:00+00:00,23605.900390625,23648.75,23597.150390625,23642.0,0
2025-02-06 06:00:00+00:00,23608.400390625,23626.5,23594.599609375,23605.80078125,0
2025-02-06 06:30:00+00:00,23613.849609375,23629.25,23608.150390625,23608.849609375,0
2025-02-06 07:00:00+00:00,23581.69921875,23615.599609375,23576.0,23613.55078125,0
2025-02-06 07:30:00+00:00,23594.69921875,23603.75,23579.05078125,23581.69921875,0
2025-02-06 08:00:00+00:00,23580.099609375,23600.150390625,23562.55078125,23595.0,0
2025-02-06 08:30:00+00:00,23574.0,23596.900390625,23567.099609375,23580.400390625,0
2025-02-06 09:00:00+00:00,23580.94921875,23583.55078125,23556.400390625,23574.150390625,0
2025-02-06 09:30:00+00:00,23628.05078125,23633.69921875,23578.349609375,23581.69921875,0
2025-02-07 04:00:00+00:00,23605.349609375,23616.19921875,23580.55078125,23593.150390625,0
2025-02-07 04:30:00+00:00,23536.599609375,23664.099609375,23493.94921875,23606.55078125,0
2025-02-07 05:00:00+00:00,23613.19921875,23613.19921875,23523.05078125,23536.19921875,0
2025-02-07 05:30:00+00:00,23681.25,23687.75,23608.349609375,23611.900390625,0
2025-02-07 06:00:00+00:00,23646.599609375,23694.19921875,23644.099609375,23681.94921875,0
2025-02-07 06:30:00+00:00,23593.55078125,23653.44921875,23567.400390625,23647.0,0
2025-02-07 07:00:00+00:00,23557.349609375,23610.55078125,23550.25,23593.19921875,0
2025-02-07 07:30:00+00:00,23567.69921875,23579.94921875,23537.650390625,23555.69921875,0
2025-02-07 08:00:00+00:00,23511.25,23591.5,23488.55078125,23567.400390625,0
2025-02-07 08:30:00+00:00,23466.94921875,23530.05078125,23444.25,23510.75,0
2025-02-07 09:00:00+00:00,23490.30078125,23495.19921875,23450.25,23467.0,0
2025-02-07 09:30:00+00:00,23563.150390625,23591.25,23490.30078125,23490.80078125,0
2025-02-10 04:00:00+00:00,23445.900390625,23477.05078125,23403.849609375,23473.599609375,0
2025-02-10 04:30:00+00:00,23385.55078125,23461.400390625,23357.900390625,23446.099609375,0
2025-02-10 05:00:00+00:00,23395.30078125,23406.150390625,23363.900390625,23385.19921875,0
2025-02-10 05:30:00+00:00,23392.150390625,23403.30078125,23371.349609375,23394.94921875,0
2025-02-10 06:00:00+00:00,23364.400390625,23401.650390625,23363.900390625,23391.69921875,0
2025-02-10 06:30:00+00:00,23365.599609375,23371.25,23338.55078125,23364.400390625,0
2025-02-10 07:00:00+00:00,23351.05078125,23370.650390625,23342.650390625,23365.5,0
2025-02-10 07:30:00+00:00,23351.94921875,23359.25,23325.150390625,23351.150390625,0
2025-02-10 08:00:00+00:00,23360.0,23377.0,23317.80078125,23351.650390625,0
2025-02-10 08:30:00+00:00,23338.75,23361.900390625,23317.5,23359.849609375,0
2025-02-10 09:00:00+00:00,23400.400390625,23401.0,23337.349609375,23338.599609375,0
2025-02-10 09:30:00+00:00,23376.05078125,23409.900390625,23370.849609375,23400.900390625,0
2025-02-11 04:00:00+00:00,23304.849609375,23351.75,23286.44921875,23314.19921875,0
2025-02-11 04:30:00+00:00,23287.05078125,23311.25,23261.44921875,23304.099609375,0
2025-02-11 05:00:00+00:00,23272.44921875,23292.0,23251.0,23289.0,0
2025-02-11 05:30:00+00:00,23259.55078125,23301.75,23259.5,23272.44921875,0
2025-02-11 06:00:00+00:00,23248.94921875,23272.150390625,23245.849609375,23259.80078125,0
2025-02-11 06:30:00+00:00,23245.94921875,23261.400390625,23238.44921875,23249.150390625,0
2025-02-11 07:00:00+00:00,23184.900390625,23246.80078125,23177.94921875,23246.19921875,0
2025-02-11 07:30:00+00:00,23042.69921875,23184.900390625,23023.150390625,23184.900390625,0
2025-02-11 08:00:00+00:00,23043.849609375,23083.69921875,23023.55078125,23043.099609375,0
2025-02-11 08:30:00+00:00,23018.5,23054.94921875,22986.80078125,23043.5,0
2025-02-11 09:00:00+00:00,23055.349609375,23118.400390625,23009.599609375,23018.30078125,0
2025-02-11 09:30:00+00:00,23068.55078125,23086.849609375,23053.650390625,23055.75,0
2025-02-12 04:00:00+00:00,22840.75,22986.400390625,22829.150390625,22978.849609375,0
2025-02-12 04:30:00+00:00,22857.849609375,22880.30078125,22799.349609375,22840.150390625,0
2025-02-12 05:00:00+00:00,22923.05078125,22954.44921875,22850.150390625,22857.400390625,0
2025-02-12 05:30:00+00:00,22928.19921875,22944.80078125,22872.19921875,22923.25,0
2025-02-12 06:00:00+00:00,23051.0,23077.400390625,22895.900390625,22926.900390625,0
2025-02-12 06:30:00+00:00,23016.80078125,23072.94921875,22997.30078125,23051.30078125,0
2025-02-12 07:00:00+00:00,23074.900390625,23110.5,23017.05078125,23017.05078125,0
2025-02-12 07:30:00+00:00,23120.80078125,23126.349609375,23051.69921875,23074.30078125,0
2025-02-12 08:00:00+00:00,23001.30078125,23144.5,22997.69921875,23121.099609375,0
2025-02-12 08:30:00+00:00,22998.25,23031.19921875,22964.55078125,23002.25,0
2025-02-12 09:00:00+00:00,22989.44921875,23009.349609375,22956.650390625,22998.5,0
2025-02-12 09:30:00+00:00,23057.80078125,23063.19921875,22988.69921875,22988.69921875,0
2025-02-13 04:00:00+00:00,23173.94921875,23189.5,23024.55078125,23024.900390625,0
2025-02-13 04:30:00+00:00,23147.400390625,23192.0,23131.75,23176.5,0
2025-02-13 05:00:00+00:00,23176.55078125,23208.900390625,23138.55078125,23147.44921875,0
2025-02-13 05:30:00+00:00,23196.900390625,23205.0,23159.400390625,23177.0,0
2025-02-13 06:00:00+00:00,23220.849609375,23235.19921875,23193.75,23197.0,0
2025-02-13 06:30:00+00:00,23195.099609375,23225.80078125,23183.19921875,23220.75,0
2025-02-13 07:00:00+00:00,23190.19921875,23206.849609375,23176.150390625,23195.75,0
2025-02-13 07:30:00+00:00,23151.05078125,23200.650390625,23131.849609375,23191.150390625,0
2025-02-13 08:00:00+00:00,23077.900390625,23153.5,23043.599609375,23150.80078125,0
2025-02-13 08:30:00+00:00,23056.599609375,23102.0,23032.69921875,23079.599609375,0
2025-02-13 09:00:00+00:00,23050.849609375,23056.80078125,23004.69921875,23056.75,0
2025-02-13 09:30:00+00:00,23019.400390625,23063.80078125,23014.400390625,23052.150390625,0
2025-02-14 04:00:00+00:00,23051.05078125,23074.400390625,23007.30078125,23027.19921875,0
2025-02-14 04:30:00+00:00,23032.650390625,23094.349609375,23031.19921875,23050.5,0
2025-02-14 05:00:00+00:00,22912.19921875,23045.55078125,22886.150390625,23033.05078125,0
2025-02-14 05:30:00+00:00,22854.80078125,22919.599609375,22843.349609375,22912.0,0
2025-02-14 06:00:00+00:00,22918.69921875,22922.349609375,22846.05078125,22854.55078125,0
2025-02-14 06:30:00+00:00,22847.69921875,22921.94921875,22815.25,22919.44921875,0
2025-02-14 07:00:00+00:00,22802.69921875,22866.94921875,22801.69921875,22847.400390625,0
2025-02-14 07:30:00+00:00,22839.0,22850.150390625,22775.5,22803.400390625,0
2025-02-14 08:00:00+00:00,22791.94921875,22845.05078125,22785.599609375,22838.94921875,0
2025-02-14 08:30:00+00:00,22860.44921875,22876.849609375,22775.94921875,22792.0,0
2025-02-14 09:00:00+00:00,22937.94921875,22966.44921875,22853.349609375,22859.94921875,0
2025-02-14 09:30:00+00:00,22897.25,22958.94921875,22895.849609375,22938.69921875,0
2025-02-17 04:00:00+00:00,22771.19921875,22839.44921875,22740.19921875,22830.349609375,0
2025-02-17 04:30:00+00:00,22827.30078125,22827.849609375,22744.0,22770.80078125,0
2025-02-17 05:00:00+00:00,22877.5,22926.349609375,22814.19921875,22826.94921875,0
2025-02-17 05:30:00+00:00,22840.099609375,22894.94921875,22797.25,22879.05078125,0
2025-02-17 06:00:00+00:00,22862.349609375,22868.400390625,22819.599609375,22838.80078125,0
2025-02-17 06:30:00+00:00,22819.80078125,22889.5,22796.19921875,22863.0,0
2025-02-17 07:00:00+00:00,22880.44921875,22882.19921875,22809.849609375,22819.75,0
2025-02-17 07:30:00+00:00,22861.30078125,22899.80078125,22834.099609375,22880.30078125,0
2025-02-17 08:00:00+00:00,22898.80078125,22959.099609375,22859.650390625,22861.349609375,0
2025-02-17 08:30:00+00:00,22915.44921875,22934.05078125,22876.75,22900.349609375,0
2025-02-17 09:00:00+00:00,22939.0,22949.94921875,22883.30078125,22914.900390625,0
2025-02-17 09:30:00+00:00,22963.5,22974.0,22938.099609375,22939.44921875,0
2025-02-18 04:00:00+00:00,22914.5,22968.30078125,22868.650390625,22900.400390625,0
2025-02-18 04:30:00+00:00,22827.150390625,22945.0,22820.80078125,22914.75,0
2025-02-18 05:00:00+00:00,22869.650390625,22877.55078125,22814.5,22826.44921875,0
2025-02-18 05:30:00+00:00,22838.80078125,22870.19921875,22801.5,22869.80078125,0
2025-02-18 06:00:00+00:00,22837.099609375,22900.69921875,22830.94921875,22839.5,0
2025-02-18 06:30:00+00:00,22876.400390625,22882.44921875,22830.80078125,22836.400390625,0
2025-02-18 07:00:00+00:00,22854.099609375,22909.55078125,22839.94921875,22877.25,0
2025-02-18 07:30:00+00:00,22894.25,22894.900390625,22843.69921875,22853.400390625,0
2025-02-18 08:00:00+00:00,22915.400390625,22934.30078125,22884.0,22893.80078125,0
2025-02-18 08:30:00+00:00,22947.5,22947.650390625,22890.0,22914.69921875,0
2025-02-18 09:00:00+00:00,22943.30078125,22966.55078125,22924.80078125,22947.349609375,0
2025-02-18 09:30:00+00:00,22923.150390625,22970.80078125,22918.30078125,22946.099609375,0
2025-02-19 04:00:00+00:00,22989.099609375,22991.849609375,22846.80078125,22852.19921875,0
2025-02-19 04:30:00+00:00,23034.30078125,23042.650390625,22954.25,22988.349609375,0
2025-02-19 05:00:00+00:00,22927.94921875,23049.55078125,22926.25,23033.69921875,0
2025-02-19 05:30:00+00:00,22960.44921875,22985.650390625,22922.44921875,22927.94921875,0
2025-02-19 06:00:00+00:00,23001.650390625,23003.94921875,22953.44921875,22960.55078125,0
2025-02-19 06:30:00+00:00,22969.400390625,23023.55078125,22968.400390625,23001.5,0
2025-02-19 07:00:00+00:00,22948.849609375,22976.75,22933.30078125,22969.80078125,0
2025-02-19 07:30:00+00:00,22928.599609375,22954.05078125,22914.25,22948.80078125,0
2025-02-19 08:00:00+00:00,22928.5,22961.05078125,22925.80078125,22928.69921875,0
2025-02-19 08:30:00+00:00,22863.30078125,22953.650390625,22861.849609375,22928.599609375,0
2025-02-19 09:00:00+00:00,22917.80078125,22927.05078125,22858.80078125,22862.69921875,0
2025-02-19 09:30:00+00:00,22914.400390625,22949.150390625,22912.349609375,22916.900390625,0
2025-02-20 04:00:00+00:00,22883.849609375,22897.900390625,22813.400390625,22846.30078125,0
2025-02-20 04:30:00+00:00,22880.5,22908.94921875,22858.849609375,22883.05078125,0
2025-02-20 05:00:00+00:00,22886.55078125,22904.599609375,22874.75,22880.05078125,0
2025-02-20 05:30:00+00:00,22904.349609375,22913.94921875,22887.19921875,22887.19921875,0
2025-02-20 06:00:00+00:00,22895.69921875,22910.400390625,22879.05078125,22904.400390625,0
2025-02-20 06:30:00+00:00,22895.150390625,22903.94921875,22884.75,22896.5,0
2025-02-20 07:00:00+00:00,22899.349609375,22908.80078125,22887.05078125,22895.099609375,0
2025-02-20 07:30:00+00:00,22883.75,22900.0,22870.55078125,22899.44921875,0
2025-02-20 08:00:00+00:00,22910.19921875,22922.94921875,22883.94921875,22883.94921875,0
2025-02-20 08:30:00+00:00,22905.0,22912.75,22893.80078125,22909.75,0
2025-02-20 09:00:00+00:00,22911.650390625,22923.349609375,22896.94921875,22904.900390625,0
2025-02-20 09:30:00+00:00,22905.900390625,22920.80078125,22905.0,22911.19921875,0
2025-02-21 04:00:00+00:00,22813.650390625,22906.25,22810.599609375,22896.400390625,0
2025-02-21 04:30:00+00:00,22767.150390625,22827.80078125,22733.75,22813.849609375,0
2025-02-21 05:00:00+00:00,22776.44921875,22798.0,22755.05078125,22767.0,0
2025-02-21 05:30:00+00:00,22764.94921875,22788.650390625,22740.69921875,22776.5,0
2025-02-21 06:00:00+00:00,22791.599609375,22820.900390625,22764.650390625,22764.94921875,0
2025-02-21 06:30:00+00:00,22807.5,22809.150390625,22776.099609375,22791.400390625,0
2025-02-21 07:00:00+00:00,22786.849609375,22824.44921875,22785.25,22807.0,0
2025-02-21 07:30:00+00:00,22753.55078125,22789.30078125,22749.75,22787.400390625,0
2025-02-21 08:00:00+00:00,22756.150390625,22768.80078125,22721.30078125,22751.80078125,0
2025-02-21 08:30:00+00:00,22770.80078125,22792.05078125,22739.599609375,22755.05078125,0
2025-02-21 09:00:00+00:00,22772.80078125,22800.69921875,22765.349609375,22768.69921875,0
2025-02-21 09:30:00+00:00,22764.349609375,22812.69921875,22763.19921875,22771.5,0
2025-02-24 04:00:00+00:00,22581.650390625,22644.349609375,22564.05078125,22621.400390625,0
2025-02-24 04:30:00+00:00,22568.05078125,22590.05078125,22548.75,22582.55078125,0
2025-02-24 05:00:00+00:00,22553.80078125,22579.349609375,22552.0,22567.349609375,0
2025-02-24 05:30:00+00:00,22574.25,22584.599609375,22550.099609375,22555.349609375,0
2025-02-24 06:00:00+00:00,22590.05078125,22620.05078125,22568.650390625,22574.30078125,0
2025-02-24 06:30:00+00:00,22562.599609375,22595.30078125,22558.599609375,22589.5,0
2025-02-24 07:00:00+00:00,22577.099609375,22587.44921875,22553.599609375,22561.94921875,0
2025-02-24 07:30:00+00:00,22560.5,22591.0,22546.19921875,22576.94921875,0
2025-02-24 08:00:00+00:00,22546.19921875,22565.25,22520.55078125,22560.19921875,0
2025-02-24 08:30:00+00:00,22541.849609375,22562.30078125,22531.69921875,22546.05078125,0
2025-02-24 09:00:00+00:00,22572.150390625,22590.150390625,22540.94921875,22541.900390625,0
2025-02-24 09:30:00+00:00,22549.75,22577.05078125,22544.150390625,22571.5,0
2025-02-25 04:00:00+00:00,22606.80078125,22625.19921875,22546.25,22552.75,0
2025-02-25 04:30:00+00:00,22576.0,22608.400390625,22565.349609375,22607.19921875,0
2025-02-25 05:00:00+00:00,22563.599609375,22594.0,22558.900390625,22576.150390625,0
2025-02-25 05:30:00+00:00,22553.0,22569.25,22550.650390625,22563.5,0
2025-02-25 06:00:00+00:00,22559.44921875,22573.599609375,22544.849609375,22553.0,0
2025-02-25 06:30:00+00:00,22578.19921875,22590.30078125,22553.0,22559.44921875,0
2025-02-25 07:00:00+00:00,22574.05078125,22580.900390625,22566.05078125,22578.30078125,0
2025-02-25 07:30:00+00:00,22576.55078125,22600.400390625,22571.25,22574.0,0
2025-02-25 08:00:00+00:00,22581.75,22595.900390625,22575.44921875,22577.19921875,0
2025-02-25 08:30:00+00:00,22581.849609375,22591.0,22573.94921875,22582.150390625,0
2025-02-25 09:00:00+00:00,22570.400390625,22585.94921875,22568.0,22581.69921875,0
2025-02-25 09:30:00+00:00,22529.05078125,22573.30078125,22516.5,22572.150390625,0
2025-02-27 04:00:00+00:00,22538.400390625,22576.25,22530.44921875,22554.80078125,0
2025-02-27 04:30:00+00:00,22535.849609375,22552.44921875,22527.19921875,22537.94921875,0
2025-02-27 05:00:00+00:00,22549.900390625,22564.69921875,22533.19921875,22535.599609375,0
2025-02-27 05:30:00+00:00,22539.849609375,22557.25,22538.19921875,22549.349609375,0
2025-02-27 06:00:00+00:00,22525.0,22540.30078125,22524.69921875,22540.30078125,0
2025-02-27 06:30:00+00:00,22526.75,22534.099609375,22519.650390625,22524.55078125,0
2025-02-27 07:00:00+00:00,22534.30078125,22535.599609375,22516.19921875,22527.599609375,0
2025-02-27 07:30:00+00:00,22536.599609375,22540.650390625,22525.94921875,22535.19921875,0
2025-02-27 08:00:00+00:00,22541.44921875,22544.75,22531.05078125,22536.25,0
2025-02-27 08:30:00+00:00,22550.19921875,22553.75,22537.150390625,22542.05078125,0
2025-02-27 09:00:00+00:00,22549.25,22556.900390625,22534.849609375,22551.25,0
2025-02-27 09:30:00+00:00,22510.849609375,22556.099609375,22510.849609375,22549.19921875,0
2025-02-28 04:00:00+00:00,22235.349609375,22339.80078125,22233.900390625,22337.69921875,0
2025-02-28 04:30:00+00:00,22272.099609375,22293.5,22224.19921875,22235.400390625,0
2025-02-28 05:00:00+00:00,22243.44921875,22300.5,22242.44921875,22272.150390625,0
2025-02-28 05:30:00+00:00,22259.75,22263.69921875,22239.650390625,22243.75,0
2025-02-28 06:00:00+00:00,22237.400390625,22280.0,22221.150390625,22260.0,0
2025-02-28 06:30:00+00:00,22248.25,22253.75,22218.099609375,22237.150390625,0
2025-02-28 07:00:00+00:00,22110.30078125,22249.30078125,22108.75,22246.849609375,0
2025-02-28 07:30:00+00:00,22125.150390625,22148.30078125,22106.19921875,22108.44921875,0
2025-02-28 08:00:00+00:00,22130.69921875,22163.80078125,22111.55078125,22124.05078125,0
2025-02-28 08:30:00+00:00,22140.44921875,22155.80078125,22118.44921875,22129.849609375,0
2025-02-28 09:00:00+00:00,22169.75,22198.75,22124.94921875,22140.400390625,0
2025-02-28 09:30:00+00:00,22127.400390625,22176.55078125,22105.849609375,22170.75,0
2025-03-03 04:00:00+00:00,22066.25,22189.25,22050.94921875,22174.55078125,0
2025-03-03 04:30:00+00:00,22099.599609375,22104.19921875,22012.599609375,22067.5,0
2025-03-03 05:00:00+00:00,22044.599609375,22100.900390625,22035.099609375,22100.19921875,0
2025-03-03 05:30:00+00:00,22031.75,22049.849609375,22005.0,22045.099609375,0
2025-03-03 06:00:00+00:00,22012.400390625,22044.25,22010.5,22031.44921875,0
2025-03-03 06:30:00+00:00,22073.30078125,22086.5,22006.69921875,22012.80078125,0
2025-03-03 07:00:00+00:00,22114.75,22154.150390625,22070.849609375,22071.69921875,0
2025-03-03 07:30:00+00:00,22116.69921875,22174.150390625,22105.0,22113.75,0
2025-03-03 08:00:00+00:00,22099.0,22149.75,22092.44921875,22117.150390625,0
2025-03-03 08:30:00+00:00,22148.69921875,22153.55078125,22071.900390625,22100.19921875,0
2025-03-03 09:00:00+00:00,22128.75,22150.80078125,22112.349609375,22146.94921875,0
2025-03-03 09:30:00+00:00,22142.5,22146.55078125,22099.19921875,22130.900390625,0
2025-03-04 04:00:00+00:00,22058.599609375,22071.5,21991.599609375,21999.5,0
2025-03-04 04:30:00+00:00,22059.5,22090.94921875,22032.099609375,22059.400390625,0
2025-03-04 05:00:00+00:00,22082.30078125,22089.400390625,22048.150390625,22059.099609375,0
2025-03-04 05:30:00+00:00,22069.5,22104.19921875,22063.19921875,22082.650390625,0
2025-03-04 06:00:00+00:00,22072.099609375,22086.349609375,22048.80078125,22069.80078125,0
2025-03-04 06:30:00+00:00,22068.650390625,22075.349609375,22047.94921875,22072.25,0
2025-03-04 07:00:00+00:00,22052.849609375,22074.650390625,22049.0,22068.099609375,0
2025-03-04 07:30:00+00:00,22050.55078125,22068.75,22035.05078125,22055.650390625,0
2025-03-04 08:00:00+00:00,22069.150390625,22074.44921875,22039.599609375,22051.599609375,0
2025-03-04 08:30:00+00:00,22085.400390625,22105.05078125,22064.05078125,22069.55078125,0
2025-03-04 09:00:00+00:00,22098.599609375,22104.650390625,22075.5,22085.349609375,0
2025-03-04 09:30:00+00:00,22080.30078125,22098.55078125,22064.69921875,22097.650390625,0
2025-03-05 04:00:00+00:00,22256.44921875,22263.849609375,22185.0,22192.80078125,0
2025-03-05 04:30:00+00:00,22251.099609375,22264.69921875,22211.099609375,22254.75,0
2025-03-05 05:00:00+00:00,22284.349609375,22288.0,22244.849609375,22251.05078125,0
2025-03-05 05:30:00+00:00,22290.05078125,22296.099609375,22270.599609375,22284.30078125,0
2025-03-05 06:00:00+00:00,22357.44921875,22374.900390625,22290.19921875,22290.69921875,0
2025-03-05 06:30:00+00:00,22368.55078125,22372.80078125,22347.69921875,22357.650390625,0
2025-03-05 07:00:00+00:00,22355.0,22394.69921875,22350.25,22368.650390625,0
2025-03-05 07:30:00+00:00,22354.5,22367.349609375,22333.099609375,22354.94921875,0
2025-03-05 08:00:00+00:00,22329.5,22354.5,22301.75,22353.5,0
2025-03-05 08:30:00+00:00,22323.5,22333.349609375,22292.30078125,22328.30078125,0
2025-03-05 09:00:00+00:00,22343.55078125,22353.849609375,22309.349609375,22323.69921875,0
2025-03-05 09:30:00+00:00,22346.650390625,22351.25,22324.599609375,22342.349609375,0
2025-03-06 04:00:00+00:00,22314.400390625,22372.0,22246.69921875,22364.099609375,0
2025-03-06 04:30:00+00:00,22358.650390625,22366.349609375,22305.099609375,22313.55078125,0
2025-03-06 05:00:00+00:00,22366.30078125,22378.5,22338.900390625,22358.650390625,0
2025-03-06 05:30:00+00:00,22340.19921875,22455.55078125,22321.5,22364.849609375,0
2025-03-06 06:00:00+00:00,22399.650390625,22416.75,22319.94921875,22338.849609375,0
2025-03-06 06:30:00+00:00,22428.5,22437.75,22398.400390625,22399.25,0
2025-03-06 07:00:00+00:00,22452.80078125,22485.900390625,22420.05078125,22429.0,0
2025-03-06 07:30:00+00:00,22467.25,22481.55078125,22446.44921875,22451.94921875,0
2025-03-06 08:00:00+00:00,22509.55078125,22519.05078125,22458.25,22467.900390625,0
2025-03-06 08:30:00+00:00,22494.849609375,22528.400390625,22493.69921875,22510.94921875,0
2025-03-06 09:00:00+00:00,22546.05078125,22554.849609375,22491.150390625,22494.650390625,0
2025-03-06 09:30:00+00:00,22529.19921875,22555.80078125,22520.599609375,22546.44921875,0
2025-03-07 04:00:00+00:00,22548.69921875,22563.75,22470.80078125,22511.599609375,0
2025-03-07 04:30:00+00:00,22596.25,22625.349609375,22539.94921875,22548.849609375,0
2025-03-07 05:00:00+00:00,22570.44921875,22616.0,22568.19921875,22596.349609375,0
2025-03-07 05:30:00+00:00,22601.05078125,22633.30078125,22567.849609375,22569.25,0
2025-03-07 06:00:00+00:00,22562.5,22612.099609375,22548.25,22602.0,0
2025-03-07 06:30:00+00:00,22544.69921875,22564.5,22509.05078125,22562.650390625,0
2025-03-07 07:00:00+00:00,22555.849609375,22583.30078125,22533.44921875,22544.30078125,0
2025-03-07 07:30:00+00:00,22564.75,22572.650390625,22530.30078125,22555.25,0
2025-03-07 08:00:00+00:00,22533.44921875,22576.0,22522.69921875,22565.0,0
2025-03-07 08:30:00+00:00,22574.099609375,22578.80078125,22533.599609375,22533.900390625,0
2025-03-07 09:00:00+00:00,22601.099609375,22606.599609375,22564.150390625,22574.69921875,0
2025-03-07 09:30:00+00:00,22536.94921875,22607.650390625,22530.349609375,22601.099609375,0
2025-03-10 04:00:00+00:00,22658.69921875,22676.650390625,22582.150390625,22582.849609375,0
2025-03-10 04:30:00+00:00,22607.94921875,22662.75,22604.05078125,22658.55078125,0
2025-03-10 05:00:00+00:00,22638.349609375,22650.5,22603.80078125,22608.44921875,0
2025-03-10 05:30:00+00:00,22616.80078125,22639.5,22606.55078125,22638.19921875,0
2025-03-10 06:00:00+00:00,22611.75,22645.349609375,22609.44921875,22617.30078125,0
2025-03-10 06:30:00+00:00,22589.25,22614.5,22563.349609375,22611.69921875,0
2025-03-10 07:00:00+00:00,22595.900390625,22600.849609375,22577.75,22588.400390625,0
2025-03-10 07:30:00+00:00,22590.900390625,22619.30078125,22578.349609375,22595.80078125,0
2025-03-10 08:00:00+00:00,22550.80078125,22594.19921875,22532.900390625,22590.25,0
2025-03-10 08:30:00+00:00,22460.099609375,22560.25,22460.099609375,22550.80078125,0
2025-03-10 09:00:00+00:00,22457.44921875,22484.0,22429.400390625,22460.75,0
2025-03-10 09:30:00+00:00,22441.099609375,22479.349609375,22436.400390625,22456.69921875,0
2025-03-11 04:00:00+00:00,22406.55078125,22411.650390625,22325.05078125,22362.900390625,0
2025-03-11 04:30:00+00:00,22428.55078125,22437.69921875,22379.05078125,22407.099609375,0
2025-03-11 05:00:00+00:00,22450.69921875,22468.849609375,22397.25,22428.30078125,0
2025-03-11 05:30:00+00:00,22422.599609375,22485.099609375,22421.44921875,22450.5,0
2025-03-11 06:00:00+00:00,22443.0,22448.0,22415.55078125,22423.0,0
2025-03-11 06:30:00+00:00,22454.80078125,22455.69921875,22421.44921875,22442.94921875,0
2025-03-11 07:00:00+00:00,22451.0,22466.400390625,22447.0,22454.80078125,0
2025-03-11 07:30:00+00:00,22462.400390625,22475.5,22435.19921875,22450.599609375,0
2025-03-11 08:00:00+00:00,22496.5,22502.849609375,22449.599609375,22463.599609375,0
2025-03-11 08:30:00+00:00,22500.75,22515.75,22480.30078125,22496.400390625,0
2025-03-11 09:00:00+00:00,22505.0,22507.650390625,22478.19921875,22500.94921875,0
2025-03-11 09:30:00+00:00,22520.5,22520.849609375,22469.349609375,22505.30078125,0
2025-03-12 04:00:00+00:00,22470.349609375,22514.099609375,22447.400390625,22462.099609375,0
2025-03-12 04:30:00+00:00,22420.900390625,22475.349609375,22410.55078125,22470.349609375,0
2025-03-12 05:00:00+00:00,22408.650390625,22460.849609375,22398.0,22420.150390625,0
2025-03-12 05:30:00+00:00,22385.25,22422.05078125,22377.150390625,22408.25,0
2025-03-12 06:00:00+00:00,22339.75,22390.94921875,22333.69921875,22385.05078125,0
2025-03-12 06:30:00+00:00,22370.75,22373.400390625,22330.150390625,22342.150390625,0
2025-03-12 07:00:00+00:00,22367.69921875,22385.25,22331.75,22370.400390625,0
2025-03-12 07:30:00+00:00,22430.099609375,22445.30078125,22357.75,22367.650390625,0
2025-03-12 08:00:00+00:00,22412.80078125,22444.900390625,22392.05078125,22429.650390625,0
2025-03-12 08:30:00+00:00,22464.94921875,22469.150390625,22412.30078125,22412.55078125,0
2025-03-12 09:00:00+00:00,22480.400390625,22484.900390625,22440.69921875,22464.650390625,0
2025-03-12 09:30:00+00:00,22468.5,22494.099609375,22452.75,22478.650390625,0
2025-03-13 04:00:00+00:00,22529.25,22540.599609375,22461.94921875,22483.849609375,0
2025-03-13 04:30:00+00:00,22538.5,22557.75,22525.19921875,22529.19921875,0
2025-03-13 05:00:00+00:00,22492.80078125,22547.19921875,22485.849609375,22539.05078125,0
2025-03-13 05:30:00+00:00,22471.900390625,22520.650390625,22464.69921875,22492.150390625,0
2025-03-13 06:00:00+00:00,22432.400390625,22480.849609375,22404.30078125,22470.69921875,0
2025-03-13 06:30:00+00:00,22436.5,22451.599609375,22424.650390625,22433.0,0
2025-03-13 07:00:00+00:00,22459.0,22461.80078125,22431.650390625,22435.599609375,0
2025-03-13 07:30:00+00:00,22420.25,22462.05078125,22419.75,22458.650390625,0
2025-03-13 08:00:00+00:00,22433.44921875,22453.5,22420.0,22420.0,0
2025-03-13 08:30:00+00:00,22406.599609375,22450.099609375,22401.69921875,22433.69921875,0
2025-03-13 09:00:00+00:00,22387.150390625,22412.69921875,22384.94921875,22406.25,0
2025-03-13 09:30:00+00:00,22383.30078125,22412.75,22377.5,22386.400390625,0
2025-03-17 04:00:00+00:00,22546.099609375,22576.75,22522.94921875,22539.099609375,0
2025-03-17 04:30:00+00:00,22490.150390625,22554.55078125,22478.80078125,22546.099609375,0
2025-03-17 05:00:00+00:00,22496.900390625,22500.30078125,22455.400390625,22490.05078125,0
2025-03-17 05:30:00+00:00,22497.849609375,22505.80078125,22470.849609375,22496.900390625,0
2025-03-17 06:00:00+00:00,22505.75,22530.69921875,22483.30078125,22497.5,0
2025-03-17 06:30:00+00:00,22482.400390625,22522.150390625,22454.80078125,22506.099609375,0
2025-03-17 07:00:00+00:00,22458.25,22483.0,22442.0,22483.0,0
2025-03-17 07:30:00+00:00,22494.900390625,22499.44921875,22445.44921875,22458.5,0
2025-03-17 08:00:00+00:00,22510.94921875,22516.599609375,22473.80078125,22497.05078125,0
2025-03-17 08:30:00+00:00,22503.19921875,22528.599609375,22495.19921875,22510.80078125,0
2025-03-17 09:00:00+00:00,22511.0,22522.69921875,22481.75,22503.400390625,0
2025-03-17 09:30:00+00:00,22515.25,22520.5,22503.849609375,22510.94921875,0
2025-03-18 04:00:00+00:00,22683.400390625,22703.099609375,22639.19921875,22644.099609375,0
2025-03-18 04:30:00+00:00,22763.25,22763.25,22681.44921875,22684.19921875,0
2025-03-18 05:00:00+00:00,22750.80078125,22774.30078125,22746.55078125,22764.599609375,0
2025-03-18 05:30:00+00:00,22753.599609375,22764.80078125,22739.650390625,22751.349609375,0
2025-03-18 06:00:00+00:00,22769.900390625,22781.099609375,22753.25,22753.69921875,0
2025-03-18 06:30:00+00:00,22730.80078125,22777.0,22729.150390625,22769.099609375,0
2025-03-18 07:00:00+00:00,22736.30078125,22745.05078125,22697.75,22731.150390625,0
2025-03-18 07:30:00+00:00,22771.099609375,22784.099609375,22737.099609375,22738.349609375,0
2025-03-18 08:00:00+00:00,22787.650390625,22797.30078125,22767.0,22772.75,0
2025-03-18 08:30:00+00:00,22792.75,22798.30078125,22770.349609375,22788.80078125,0
2025-03-18 09:00:00+00:00,22804.55078125,22810.55078125,22786.099609375,22793.80078125,0
2025-03-18 09:30:00+00:00,22848.75,22857.25,22805.599609375,22805.599609375,0
2025-03-19 04:00:00+00:00,22864.30078125,22877.80078125,22812.150390625,22848.44921875,0
2025-03-19 04:30:00+00:00,22897.30078125,22910.19921875,22840.44921875,22864.650390625,0
2025-03-19 05:00:00+00:00,22901.19921875,22911.349609375,22865.30078125,22897.25,0
2025-03-19 05:30:00+00:00,22891.0,22914.25,22881.44921875,22900.900390625,0
2025-03-19 06:00:00+00:00,22904.44921875,22907.150390625,22875.44921875,22891.099609375,0
2025-03-19 06:30:00+00:00,22901.30078125,22914.19921875,22881.349609375,22904.400390625,0
2025-03-19 07:00:00+00:00,22934.0,22936.900390625,22899.05078125,22900.599609375,0
2025-03-19 07:30:00+00:00,22915.099609375,22939.44921875,22882.80078125,22935.400390625,0
2025-03-19 08:00:00+00:00,22913.099609375,22928.150390625,22899.349609375,22914.400390625,0
2025-03-19 08:30:00+00:00,22927.400390625,22929.05078125,22904.94921875,22914.44921875,0
2025-03-19 09:00:00+00:00,22931.0,22937.69921875,22920.0,22928.25,0
2025-03-19 09:30:00+00:00,22911.80078125,22933.650390625,22895.900390625,22931.849609375,0
2025-03-20 04:00:00+00:00,23025.69921875,23070.80078125,23005.650390625,23064.650390625,0
2025-03-20 04:30:00+00:00,23048.150390625,23050.69921875,22974.150390625,23026.400390625,0
2025-03-20 05:00:00+00:00,23039.900390625,23059.099609375,23021.599609375,23047.0,0
2025-03-20 05:30:00+00:00,23053.25,23068.25,23034.80078125,23039.80078125,0
2025-03-20 06:00:00+00:00,23063.150390625,23069.69921875,23042.650390625,23053.25,0
2025-03-20 06:30:00+00:00,23080.400390625,23082.849609375,23061.349609375,23063.25,0
2025-03-20 07:00:00+00:00,23114.0,23114.400390625,23072.94921875,23080.849609375,0
2025-03-20 07:30:00+00:00,23161.19921875,23178.599609375,23096.19921875,23114.44921875,0
2025-03-20 08:00:00+00:00,23189.900390625,23195.099609375,23158.55078125,23161.30078125,0
2025-03-20 08:30:00+00:00,23209.94921875,23212.94921875,23171.30078125,23190.19921875,0
2025-03-20 09:00:00+00:00,23205.05078125,23216.05078125,23189.0,23209.94921875,0
2025-03-20 09:30:00+00:00,23165.69921875,23207.5,23162.25,23206.19921875,0
2025-03-21 04:00:00+00:00,23264.05078125,23276.349609375,23182.599609375,23194.44921875,0
2025-03-21 04:30:00+00:00,23298.05078125,23298.05078125,23240.94921875,23263.94921875,0
2025-03-21 05:00:00+00:00,23339.55078125,23357.55078125,23292.05078125,23298.900390625,0
2025-03-21 05:30:00+00:00,23349.19921875,23362.05078125,23321.44921875,23339.19921875,0
2025-03-21 06:00:00+00:00,23345.69921875,23370.650390625,23330.650390625,23349.69921875,0
2025-03-21 06:30:00+00:00,23374.599609375,23390.25,23345.099609375,23345.5,0
2025-03-21 07:00:00+00:00,23399.849609375,23401.849609375,23364.75,23374.44921875,0
2025-03-21 07:30:00+00:00,23382.099609375,23401.19921875,23349.94921875,23399.44921875,0
2025-03-21 08:00:00+00:00,23319.900390625,23384.55078125,23277.05078125,23381.55078125,0
2025-03-21 08:30:00+00:00,23378.55078125,23379.80078125,23316.80078125,23319.19921875,0
2025-03-21 09:00:00+00:00,23340.75,23378.94921875,23333.69921875,23378.80078125,0
2025-03-21 09:30:00+00:00,23352.19921875,23373.55078125,23330.30078125,23341.75,0
2025-03-24 04:00:00+00:00,23542.099609375,23545.900390625,23433.75,23498.900390625,0
2025-03-24 04:30:00+00:00,23559.19921875,23567.44921875,23534.5,23542.900390625,0
2025-03-24 05:00:00+00:00,23624.44921875,23624.44921875,23558.05078125,23559.599609375,0
2025-03-24 05:30:00+00:00,23631.0,23638.349609375,23595.5,23625.25,0
2025-03-24 06:00:00+00:00,23621.349609375,23643.0,23579.5,23630.099609375,0
2025-03-24 06:30:00+00:00,23646.69921875,23648.900390625,23607.650390625,23621.349609375,0
2025-03-24 07:00:00+00:00,23622.849609375,23650.19921875,23613.25,23646.55078125,0
2025-03-24 07:30:00+00:00,23660.599609375,23666.150390625,23616.099609375,23622.400390625,0
2025-03-24 08:00:00+00:00,23670.0,23672.05078125,23628.55078125,23661.349609375,0
2025-03-24 08:30:00+00:00,23687.849609375,23708.05078125,23662.94921875,23670.599609375,0
2025-03-24 09:00:00+00:00,23671.75,23690.349609375,23662.55078125,23688.94921875,0
2025-03-24 09:30:00+00:00,23674.150390625,23681.25,23629.900390625,23670.349609375,0
2025-03-25 04:00:00+00:00,23863.599609375,23869.150390625,23720.900390625,23721.650390625,0
2025-03-25 04:30:00+00:00,23813.0,23865.900390625,23749.650390625,23864.400390625,0
2025-03-25 05:00:00+00:00,23701.25,23813.75,23656.80078125,23812.75,0
2025-03-25 05:30:00+00:00,23662.80078125,23724.349609375,23647.099609375,23701.099609375,0
2025-03-25 06:00:00+00:00,23710.05078125,23710.05078125,23628.349609375,23662.099609375,0
2025-03-25 06:30:00+00:00,23680.900390625,23730.0,23653.650390625,23711.94921875,0
2025-03-25 07:00:00+00:00,23684.80078125,23705.349609375,23665.55078125,23681.44921875,0
2025-03-25 07:30:00+00:00,23667.5,23695.55078125,23644.30078125,23684.19921875,0
2025-03-25 08:00:00+00:00,23733.099609375,23742.30078125,23665.849609375,23665.849609375,0
2025-03-25 08:30:00+00:00,23702.0,23744.599609375,23701.69921875,23729.44921875,0
2025-03-25 09:00:00+00:00,23682.69921875,23726.349609375,23661.69921875,23701.650390625,0
2025-03-25 09:30:00+00:00,23605.94921875,23695.80078125,23603.5,23682.400390625,0
2025-03-26 04:00:00+00:00,23674.900390625,23714.599609375,23614.75,23699.80078125,0
2025-03-26 04:30:00+00:00,23662.80078125,23688.55078125,23642.099609375,23674.94921875,0
2025-03-26 05:00:00+00:00,23681.0,23720.19921875,23657.150390625,23662.25,0
2025-03-26 05:30:00+00:00,23662.44921875,23682.0,23629.55078125,23681.94921875,0
2025-03-26 06:00:00+00:00,23589.150390625,23671.900390625,23589.05078125,23662.349609375,0
2025-03-26 06:30:00+00:00,23599.30078125,23609.849609375,23572.19921875,23589.349609375,0
2025-03-26 07:00:00+00:00,23615.19921875,23638.05078125,23597.599609375,23598.849609375,0
2025-03-26 07:30:00+00:00,23559.69921875,23621.099609375,23535.05078125,23615.25,0
2025-03-26 08:00:00+00:00,23532.0,23566.30078125,23501.150390625,23559.599609375,0
2025-03-26 08:30:00+00:00,23542.400390625,23562.349609375,23531.05078125,23532.44921875,0
2025-03-26 09:00:00+00:00,23480.650390625,23543.099609375,23452.599609375,23542.25,0
2025-03-26 09:30:00+00:00,23464.30078125,23512.75,23464.30078125,23481.05078125,0
2025-03-27 04:00:00+00:00,23585.44921875,23585.75,23507.400390625,23543.80078125,0
2025-03-27 04:30:00+00:00,23617.80078125,23619.849609375,23569.849609375,23585.80078125,0
2025-03-27 05:00:00+00:00,23576.30078125,23626.69921875,23559.80078125,23617.650390625,0
2025-03-27 05:30:00+00:00,23580.150390625,23613.5,23576.19921875,23576.19921875,0
2025-03-27 06:00:00+00:00,23600.44921875,23615.25,23580.150390625,23581.55078125,0
2025-03-27 06:30:00+00:00,23585.94921875,23602.94921875,23581.599609375,23600.05078125,0
2025-03-27 07:00:00+00:00,23598.80078125,23606.05078125,23574.849609375,23585.900390625,0
2025-03-27 07:30:00+00:00,23599.55078125,23607.55078125,23581.80078125,23598.150390625,0
2025-03-27 08:00:00+00:00,23604.900390625,23612.55078125,23592.94921875,23598.69921875,0
2025-03-27 08:30:00+00:00,23605.05078125,23616.80078125,23600.55078125,23604.650390625,0
2025-03-27 09:00:00+00:00,23603.099609375,23613.75,23582.19921875,23603.75,0
2025-03-27 09:30:00+00:00,23601.05078125,23636.599609375,23572.099609375,23600.25,0
2025-03-28 04:00:00+00:00,23556.80078125,23577.099609375,23505.44921875,23558.75,0
2025-03-28 04:30:00+00:00,23559.25,23563.80078125,23519.0,23556.30078125,0
2025-03-28 05:00:00+00:00,23623.94921875,23649.150390625,23560.05078125,23560.849609375,0
2025-03-28 05:30:00+00:00,23576.05078125,23631.349609375,23563.0,23623.599609375,0
2025-03-28 06:00:00+00:00,23589.5,23601.25,23561.69921875,23576.5,0
2025-03-28 06:30:00+00:00,23529.30078125,23604.55078125,23529.0,23590.55078125,0
2025-03-28 07:00:00+00:00,23527.19921875,23532.599609375,23484.0,23528.69921875,0
2025-03-28 07:30:00+00:00,23493.94921875,23527.5,23471.30078125,23526.599609375,0
2025-03-28 08:00:00+00:00,23473.25,23522.5,23453.75,23493.650390625,0
2025-03-28 08:30:00+00:00,23571.80078125,23574.69921875,23451.599609375,23472.55078125,0
2025-03-28 09:00:00+00:00,23591.5,23612.05078125,23540.05078125,23573.19921875,0
2025-03-28 09:30:00+00:00,23495.150390625,23591.19921875,23485.75,23591.150390625,0
2025-04-01 04:00:00+00:00,23514.849609375,23563.19921875,23467.19921875,23471.44921875,0
2025-04-01 04:30:00+00:00,23307.19921875,23523.400390625,23297.69921875,23513.900390625,0
2025-04-01 05:00:00+00:00,23243.150390625,23339.349609375,23237.0,23306.150390625,0
2025-04-01 05:30:00+00:00,23250.849609375,23258.80078125,23221.349609375,23243.5,0
2025-04-01 06:00:00+00:00,23197.25,23249.400390625,23183.599609375,23248.599609375,0
2025-04-01 06:30:00+00:00,23213.900390625,23246.650390625,23173.400390625,23196.44921875,0
2025-04-01 07:00:00+00:00,23194.599609375,23252.25,23189.650390625,23214.349609375,0
2025-04-01 07:30:00+00:00,23154.55078125,23199.55078125,23148.650390625,23194.599609375,0
2025-04-01 08:00:00+00:00,23154.75,23180.5,23136.400390625,23153.599609375,0
2025-04-01 08:30:00+00:00,23154.75,23186.80078125,23137.44921875,23154.5,0
2025-04-01 09:00:00+00:00,23161.30078125,23174.099609375,23143.650390625,23154.55078125,0
2025-04-01 09:30:00+00:00,23179.69921875,23182.30078125,23151.80078125,23161.849609375,0
2025-04-02 04:00:00+00:00,23244.650390625,23292.900390625,23183.25,23246.30078125,0
2025-04-02 04:30:00+00:00,23267.349609375,23268.94921875,23216.44921875,23244.55078125,0
2025-04-02 05:00:00+00:00,23292.69921875,23302.0,23251.0,23267.75,0
2025-04-02 05:30:00+00:00,23262.94921875,23311.849609375,23260.5,23293.150390625,0
2025-04-02 06:00:00+00:00,23255.25,23295.30078125,23246.150390625,23263.150390625,0
2025-04-02 06:30:00+00:00,23278.80078125,23300.0,23247.5,23256.150390625,0
2025-04-02 07:00:00+00:00,23247.900390625,23296.900390625,23238.94921875,23279.150390625,0
2025-04-02 07:30:00+00:00,23298.25,23300.44921875,23247.25,23247.94921875,0
2025-04-02 08:00:00+00:00,23287.650390625,23307.0,23254.75,23298.599609375,0
2025-04-02 08:30:00+00:00,23301.599609375,23303.55078125,23273.0,23287.69921875,0
2025-04-02 09:00:00+00:00,23307.44921875,23314.099609375,23285.25,23303.19921875,0
2025-04-02 09:30:00+00:00,23330.80078125,23349.849609375,23307.400390625,23309.0,0
2025-04-03 04:00:00+00:00,23234.599609375,23280.650390625,23213.400390625,23251.650390625,0
2025-04-03 04:30:00+00:00,23298.30078125,23306.25,23223.75,23234.94921875,0
2025-04-03 05:00:00+00:00,23289.099609375,23300.94921875,23270.0,23298.0,0
2025-04-03 05:30:00+00:00,23272.099609375,23292.75,23248.900390625,23289.349609375,0
2025-04-03 06:00:00+00:00,23289.75,23294.75,23265.30078125,23272.349609375,0
2025-04-03 06:30:00+00:00,23266.5,23292.400390625,23256.30078125,23289.25,0
2025-04-03 07:00:00+00:00,23270.25,23275.349609375,23250.599609375,23266.94921875,0
2025-04-03 07:30:00+00:00,23268.349609375,23271.900390625,23254.05078125,23269.849609375,0
2025-04-03 08:00:00+00:00,23259.400390625,23278.400390625,23257.69921875,23268.80078125,0
2025-04-03 08:30:00+00:00,23258.44921875,23272.80078125,23253.55078125,23260.099609375,0
2025-04-03 09:00:00+00:00,23249.25,23263.400390625,23243.0,23258.75,0
2025-04-03 09:30:00+00:00,23241.599609375,23259.5,23236.400390625,23251.5,0
2025-04-04 04:00:00+00:00,22992.19921875,23136.94921875,22983.400390625,23077.80078125,0
2025-04-04 04:30:00+00:00,22933.44921875,23006.19921875,22921.94921875,22992.05078125,0
2025-04-04 05:00:00+00:00,22999.150390625,22999.150390625,22924.349609375,22933.599609375,0
2025-04-04 05:30:00+00:00,23004.80078125,23029.900390625,22969.900390625,22998.849609375,0
2025-04-04 06:00:00+00:00,22971.349609375,23026.19921875,22951.69921875,23005.0,0
2025-04-04 06:30:00+00:00,22972.19921875,22991.599609375,22944.75,22971.5,0
2025-04-04 07:00:00+00:00,22962.400390625,22979.5,22942.69921875,22972.80078125,0
2025-04-04 07:30:00+00:00,22953.19921875,22974.05078125,22934.80078125,22962.55078125,0
2025-04-04 08:00:00+00:00,22893.599609375,22957.69921875,22875.150390625,22952.94921875,0
2025-04-04 08:30:00+00:00,22895.400390625,22918.80078125,22881.19921875,22894.25,0
2025-04-04 09:00:00+00:00,22864.94921875,22900.94921875,22858.150390625,22895.19921875,0
2025-04-04 09:30:00+00:00,22912.05078125,22921.55078125,22864.900390625,22864.900390625,0
2025-04-07 04:00:00+00:00,21963.25,22188.400390625,21959.75,22042.349609375,0
2025-04-07 04:30:00+00:00,22005.150390625,22011.05078125,21898.30078125,21960.55078125,0
2025-04-07 05:00:00+00:00,21983.650390625,22082.69921875,21935.75,22004.400390625,0
2025-04-07 05:30:00+00:00,22009.099609375,22015.900390625,21949.30078125,21980.25,0
2025-04-07 06:00:00+00:00,21965.19921875,22069.5,21948.849609375,22006.849609375,0
2025-04-07 06:30:00+00:00,21846.150390625,21967.69921875,21839.400390625,21965.400390625,0
2025-04-07 07:00:00+00:00,21865.25,21943.25,21796.900390625,21846.19921875,0
2025-04-07 07:30:00+00:00,21898.099609375,21918.849609375,21814.349609375,21865.75,0
2025-04-07 08:00:00+00:00,21985.0,22037.80078125,21885.19921875,21898.05078125,0
2025-04-07 08:30:00+00:00,22020.55078125,22036.55078125,21964.849609375,21984.5,0
2025-04-07 09:00:00+00:00,22046.5,22080.849609375,21996.5,22020.150390625,0
2025-04-07 09:30:00+00:00,22238.0,22253.19921875,22040.900390625,22046.19921875,0
2025-04-08 04:00:00+00:00,22412.75,22550.0,22393.69921875,22545.150390625,0
2025-04-08 04:30:00+00:00,22424.349609375,22432.400390625,22370.05078125,22414.30078125,0
2025-04-08 05:00:00+00:00,22374.400390625,22432.599609375,22272.900390625,22425.30078125,0
2025-04-08 05:30:00+00:00,22363.05078125,22489.94921875,22323.150390625,22374.75,0
2025-04-08 06:00:00+00:00,22401.599609375,22434.5,22319.400390625,22364.80078125,0
2025-04-08 06:30:00+00:00,22583.849609375,22584.05078125,22453.75,22466.80078125,0
2025-04-08 07:00:00+00:00,22667.55078125,22670.94921875,22563.900390625,22584.5,0
2025-04-08 07:30:00+00:00,22687.30078125,22688.80078125,22609.75,22668.25,0
2025-04-08 08:00:00+00:00,22546.400390625,22696.650390625,22461.75,22688.0,0
2025-04-08 08:30:00+00:00,22654.05078125,22664.900390625,22512.94921875,22546.94921875,0
2025-04-08 09:00:00+00:00,22577.80078125,22657.349609375,22530.80078125,22654.44921875,0
2025-04-08 09:30:00+00:00,22547.19921875,22578.55078125,22517.150390625,22577.80078125,0
2025-04-09 04:00:00+00:00,22387.849609375,22468.30078125,22362.099609375,22382.900390625,0
2025-04-09 04:30:00+00:00,22398.19921875,22455.44921875,22357.05078125,22387.150390625,0
2025-04-09 05:00:00+00:00,22393.55078125,22405.0,22368.75,22398.44921875,0
2025-04-09 05:30:00+00:00,22408.400390625,22410.349609375,22353.5,22393.94921875,0
2025-04-09 06:00:00+00:00,22414.849609375,22435.44921875,22406.400390625,22409.44921875,0
2025-04-09 06:30:00+00:00,22421.0,22434.05078125,22405.599609375,22415.150390625,0
2025-04-09 07:00:00+00:00,22425.30078125,22448.80078125,22415.150390625,22421.349609375,0
2025-04-09 07:30:00+00:00,22417.099609375,22436.55078125,22409.69921875,22425.650390625,0
2025-04-09 08:00:00+00:00,22398.650390625,22425.44921875,22396.55078125,22419.94921875,0
2025-04-09 08:30:00+00:00,22403.25,22409.150390625,22396.349609375,22398.849609375,0
2025-04-09 09:00:00+00:00,22399.05078125,22407.5,22396.349609375,22403.849609375,0
2025-04-09 09:30:00+00:00,22420.400390625,22424.75,22387.349609375,22399.400390625,0
2025-04-11 04:00:00+00:00,22827.599609375,22874.25,22761.80078125,22762.44921875,0
2025-04-11 04:30:00+00:00,22799.849609375,22859.69921875,22785.80078125,22827.19921875,0
2025-04-11 05:00:00+00:00,22806.349609375,22836.19921875,22736.05078125,22799.55078125,0
2025-04-11 05:30:00+00:00,22857.099609375,22859.849609375,22805.69921875,22806.650390625,0
2025-04-11 06:00:00+00:00,22875.30078125,22895.05078125,22856.75,22857.25,0
2025-04-11 06:30:00+00:00,22906.05078125,22923.900390625,22868.0,22875.400390625,0
2025-04-11 07:00:00+00:00,22886.44921875,22906.94921875,22872.75,22906.19921875,0
2025-04-11 07:30:00+00:00,22874.19921875,22916.099609375,22872.25,22887.44921875,0
2025-04-11 08:00:00+00:00,22834.75,22879.55078125,22824.30078125,22874.599609375,0
2025-04-11 08:30:00+00:00,22769.80078125,22835.25,22762.0,22835.25,0
2025-04-11 09:00:00+00:00,22827.0,22834.75,22770.849609375,22771.25,0
2025-04-11 09:30:00+00:00,22844.5,22855.55078125,22810.94921875,22826.650390625,0
2025-04-15 04:00:00+00:00,23306.099609375,23330.650390625,23264.650390625,23297.900390625,0
2025-04-15 04:30:00+00:00,23314.900390625,23322.94921875,23298.19921875,23306.55078125,0
2025-04-15 05:00:00+00:00,23309.55078125,23315.94921875,23300.44921875,23314.05078125,0
2025-04-15 05:30:00+00:00,23311.0,23316.349609375,23292.19921875,23309.44921875,0
2025-04-15 06:00:00+00:00,23312.80078125,23316.150390625,23291.650390625,23310.69921875,0
2025-04-15 06:30:00+00:00,23337.349609375,23341.5,23311.25,23312.599609375,0
2025-04-15 07:00:00+00:00,23337.80078125,23350.349609375,23334.19921875,23337.650390625,0
2025-04-15 07:30:00+00:00,23334.19921875,23350.650390625,23325.849609375,23338.349609375,0
2025-04-15 08:00:00+00:00,23325.75,23337.900390625,23322.150390625,23334.80078125,0
2025-04-15 08:30:00+00:00,23323.19921875,23334.900390625,23315.19921875,23325.44921875,0
2025-04-15 09:00:00+00:00,23312.0,23328.05078125,23308.349609375,23323.099609375,0
2025-04-15 09:30:00+00:00,23344.099609375,23357.099609375,23308.349609375,23312.19921875,0
2025-04-16 04:00:00+00:00,23358.0,23372.5,23326.650390625,23334.19921875,0
2025-04-16 04:30:00+00:00,23302.150390625,23370.349609375,23289.05078125,23357.900390625,0
2025-04-16 05:00:00+00:00,23286.25,23314.599609375,23280.75,23302.80078125,0
2025-04-16 05:30:00+00:00,23322.900390625,23336.349609375,23274.0,23287.650390625,0
2025-04-16 06:00:00+00:00,23326.55078125,23341.349609375,23316.0,23323.55078125,0
2025-04-16 06:30:00+00:00,23347.55078125,23356.0,23325.0,23327.69921875,0
2025-04-16 07:00:00+00:00,23342.44921875,23362.05078125,23340.69921875,23348.599609375,0
2025-04-16 07:30:00+00:00,23294.80078125,23358.44921875,23291.55078125,23343.44921875,0
2025-04-16 08:00:00+00:00,23380.25,23394.25,23286.0,23297.30078125,0
2025-04-16 08:30:00+00:00,23410.5,23430.5,23379.849609375,23380.69921875,0
2025-04-16 09:00:00+00:00,23431.44921875,23434.05078125,23395.69921875,23411.69921875,0
2025-04-16 09:30:00+00:00,23434.349609375,23452.05078125,23420.849609375,23431.599609375,0
2025-04-17 04:00:00+00:00,23413.099609375,23434.55078125,23302.25,23309.80078125,0
2025-04-17 04:30:00+00:00,23391.69921875,23417.349609375,23341.05078125,23413.05078125,0
2025-04-17 05:00:00+00:00,23406.650390625,23444.849609375,23392.0,23392.0,0
2025-04-17 05:30:00+00:00,23512.099609375,23517.0,23369.150390625,23406.55078125,0
2025-04-17 06:00:00+00:00,23601.05078125,23634.349609375,23510.30078125,23512.05078125,0
2025-04-17 06:30:00+00:00,23679.25,23682.349609375,23576.30078125,23601.19921875,0
2025-04-17 07:00:00+00:00,23738.349609375,23746.849609375,23672.349609375,23677.900390625,0
2025-04-17 07:30:00+00:00,23775.30078125,23797.400390625,23723.94921875,23738.5,0
2025-04-17 08:00:00+00:00,23845.05078125,23848.80078125,23770.0,23774.349609375,0
2025-04-17 08:30:00+00:00,23834.05078125,23871.25,23783.80078125,23842.400390625,0
2025-04-17 09:00:00+00:00,23858.599609375,23868.900390625,23832.599609375,23833.349609375,0
2025-04-17 09:30:00+00:00,23837.75,23871.30078125,23831.349609375,23857.150390625,0
2025-04-21 04:00:00+00:00,24031.55078125,24037.650390625,23931.25,23958.69921875,0
2025-04-21 04:30:00+00:00,24045.650390625,24061.19921875,24009.30078125,24031.349609375,0
2025-04-21 05:00:00+00:00,24099.900390625,24101.5,24040.75,24045.5,0
2025-04-21 05:30:00+00:00,24125.099609375,24132.69921875,24086.55078125,24101.80078125,0
2025-04-21 06:00:00+00:00,24135.19921875,24143.599609375,24099.05078125,24124.19921875,0
2025-04-21 06:30:00+00:00,24166.69921875,24182.099609375,24125.650390625,24136.44921875,0
2025-04-21 07:00:00+00:00,24177.599609375,24188.44921875,24163.44921875,24167.44921875,0
2025-04-21 07:30:00+00:00,24154.69921875,24188.5,24146.5,24178.099609375,0
2025-04-21 08:00:00+00:00,24150.05078125,24171.599609375,24106.5,24155.55078125,0
2025-04-21 08:30:00+00:00,24138.25,24157.349609375,24133.30078125,24148.900390625,0
2025-04-21 09:00:00+00:00,24145.25,24156.0,24120.0,24138.0,0
2025-04-21 09:30:00+00:00,24121.19921875,24148.19921875,24109.94921875,24146.75,0
2025-04-22 04:00:00+00:00,24166.19921875,24190.30078125,24130.05078125,24132.599609375,0
2025-04-22 04:30:00+00:00,24195.349609375,24215.099609375,24161.900390625,24166.80078125,0
2025-04-22 05:00:00+00:00,24228.099609375,24230.30078125,24193.900390625,24194.25,0
2025-04-22 05:30:00+00:00,24190.150390625,24242.25,24190.150390625,24228.150390625,0
2025-04-22 06:00:00+00:00,24217.900390625,24221.400390625,24166.150390625,24189.55078125,0
2025-04-22 06:30:00+00:00,24192.650390625,24219.69921875,24182.099609375,24217.25,0
2025-04-22 07:00:00+00:00,24180.30078125,24194.94921875,24175.5,24193.25,0
2025-04-22 07:30:00+00:00,24188.650390625,24197.55078125,24168.25,24180.55078125,0
2025-04-22 08:00:00+00:00,24180.0,24192.599609375,24173.599609375,24188.849609375,0
2025-04-22 08:30:00+00:00,24184.150390625,24189.400390625,24173.150390625,24179.599609375,0
2025-04-22 09:00:00+00:00,24171.55078125,24184.69921875,24144.05078125,24183.650390625,0
2025-04-22 09:30:00+00:00,24134.05078125,24181.0,24126.94921875,24172.900390625,0
